,all_awardings,approved_at_utc,associated_award,author,author_flair_background_color,author_flair_css_class,author_flair_template_id,author_flair_text,author_flair_text_color,awarders,banned_at_utc,body,can_mod_post,collapsed,collapsed_because_crowd_control,collapsed_reason,comment_type,created_utc,distinguished,edited,gildings,id,is_submitter,link_id,locked,no_follow,parent_id,permalink,retrieved_on,score,send_replies,stickied,subreddit,subreddit_id,top_awarded_type,total_awards_received,treatment_tags,author_flair_richtext,author_flair_type,author_fullname,author_patreon_flair,author_premium,author_cakeday
0,[],,,[deleted],,,,,dark,[],,[deleted],False,True,,,,1605683146,,1605689361.0,{},gcp4l36,False,t3_jwb75a,False,True,t3_jwb75a,/r/wallstreetbets/comments/jwb75a/dont_touch_baba_tomorrow/gcp4l36/,1605739912,2,True,False,wallstreetbets,t5_2th52,,0,[],,,,,,
1,[],,,[deleted],,,,,dark,[],,[deleted],False,True,,,,1605683160,,False,{},gcp4lma,False,t3_jwb75a,False,True,t3_jwb75a,/r/wallstreetbets/comments/jwb75a/dont_touch_baba_tomorrow/gcp4lma/,1605739920,0,True,False,wallstreetbets,t5_2th52,,0,[],,,,,,
2,[],,,Narrow-Cup-3500,,,,,,[],,I have no fucking clue but I‚Äôm not holding anything Chinese until the report comes out. These guys are what citron wants to be.,False,False,,,,1605683218,,False,{},gcp4nrp,True,t3_jwb75a,False,False,t1_gcp4lma,/r/wallstreetbets/comments/jwb75a/dont_touch_baba_tomorrow/gcp4nrp/,1605739959,2,True,False,wallstreetbets,t5_2th52,,0,[],[],text,t2_any1rzj,False,False,
3,[],,,razorteddy,,,,,,[],,Fuck me im in NIO and BABA,False,False,,,,1605683236,,False,{},gcp4oi6,False,t3_jwb75a,False,False,t3_jwb75a,/r/wallstreetbets/comments/jwb75a/dont_touch_baba_tomorrow/gcp4oi6/,1605739971,45,True,False,wallstreetbets,t5_2th52,,0,[],[],text,t2_895lhnvp,False,False,
4,[],,,Jack-Skinne,,,,,,[],,Definitely Nio,False,False,,,,1605683325,,False,{},gcp4s28,False,t3_jwb75a,False,True,t3_jwb75a,/r/wallstreetbets/comments/jwb75a/dont_touch_baba_tomorrow/gcp4s28/,1605740028,1,True,False,wallstreetbets,t5_2th52,,0,[],[],text,t2_6py5m2yc,False,False,
5,[],,,BojangleChicken,,,,,,[],,Can everyone go into pltr instead :)?,False,False,,,,1605683333,,False,{},gcp4sdc,False,t3_jwb75a,False,True,t3_jwb75a,/r/wallstreetbets/comments/jwb75a/dont_touch_baba_tomorrow/gcp4sdc/,1605740033,2,True,False,wallstreetbets,t5_2th52,,0,[],[],text,t2_6nmrxav4,False,False,
6,[],,,CuckyMonstr,,,,,,[],,It just feels so WSB to be Nio lol,False,False,,,,1605683374,,False,{},gcp4tz7,False,t3_jwb75a,False,False,t3_jwb75a,/r/wallstreetbets/comments/jwb75a/dont_touch_baba_tomorrow/gcp4tz7/,1605740058,13,True,False,wallstreetbets,t5_2th52,,0,[],[],text,t2_66fuzvjz,False,False,
7,[],,,Yumewomiteru,,,,,,[],,"This is just clickbait, if you understand how big Alibaba is then you would know it's very unlikely that they would resort to fraud. Why would the Chinese amazon need to lie about their books?",False,False,,,,1605683409,,False,{},gcp4vby,False,t3_jwb75a,False,False,t3_jwb75a,/r/wallstreetbets/comments/jwb75a/dont_touch_baba_tomorrow/gcp4vby/,1605740083,17,True,False,wallstreetbets,t5_2th52,,0,[],[],text,t2_54699,False,False,
8,[],,,thr0w4w4y4cct213121,,,,,,[],,Oh Jesus fuck me. My Dec calls I bought today are fucked ü•≤,False,False,,,,1605683436,,False,{},gcp4wfg,False,t3_jwb75a,False,True,t3_jwb75a,/r/wallstreetbets/comments/jwb75a/dont_touch_baba_tomorrow/gcp4wfg/,1605740101,1,True,False,wallstreetbets,t5_2th52,,0,[],[],text,t2_3bk1kurl,False,False,
9,[],,,aryan335,,,,,,[],,"Baba can‚Äôt be a fraud fam it holds chinas reputation
 on its shoulders",False,False,,,,1605683473,,False,{},gcp4xvk,False,t3_jwb75a,False,False,t3_jwb75a,/r/wallstreetbets/comments/jwb75a/dont_touch_baba_tomorrow/gcp4xvk/,1605740125,28,True,False,wallstreetbets,t5_2th52,,0,[],[],text,t2_m8tiihz,False,False,
10,[],,,aryan335,,,,,,[],,Ye I talked to my wife‚Äôs boyfriend and he told me to short nio,False,False,,,,1605683506,,False,{},gcp4z41,False,t3_jwb75a,False,True,t1_gcp4s28,/r/wallstreetbets/comments/jwb75a/dont_touch_baba_tomorrow/gcp4z41/,1605740144,2,True,False,wallstreetbets,t5_2th52,,0,[],[],text,t2_m8tiihz,False,False,
11,[],,,vn2017s,,,,,,[],,Thanks for the heads upüëç,False,False,,,,1605683520,,False,{},gcp4zof,False,t3_jwb75a,False,True,t3_jwb75a,/r/wallstreetbets/comments/jwb75a/dont_touch_baba_tomorrow/gcp4zof/,1605740154,1,True,False,wallstreetbets,t5_2th52,,0,[],[],text,t2_14dbuqa,False,False,
12,[],,,Wrektdev,,,,,,[],,"Hmmm, won't be ev. To much support from majority of world. Can't be baba, least I don't think. Has to be the Chinese banks. They are the only ones hodln debt with lack of flexibility. Has to be banks.",False,False,,,,1605683617,,False,{},gcp53g7,False,t3_jwb75a,False,True,t1_gcp4nrp,/r/wallstreetbets/comments/jwb75a/dont_touch_baba_tomorrow/gcp53g7/,1605740218,3,True,False,wallstreetbets,t5_2th52,,0,[],[],text,t2_kvb4h,False,False,
13,[],,,Narrow-Cup-3500,,,,,,[],,"I agree alibaba is massive and undervalued right now, but a hit on them tomorrow would fuck call holders. All I‚Äôm saying is tomorrow is not the time to jump in.

Again I hold LEAPS, I want to be wrong",False,False,,,,1605683625,,False,{},gcp53qx,True,t3_jwb75a,False,False,t1_gcp4vby,/r/wallstreetbets/comments/jwb75a/dont_touch_baba_tomorrow/gcp53qx/,1605740222,4,True,False,wallstreetbets,t5_2th52,,0,[],[],text,t2_any1rzj,False,False,
14,[],,,Narrow-Cup-3500,,,,,,[],,I been in PLTR and all my Chinese shit is going to them tomorrow,False,False,,,,1605683678,,False,{},gcp55up,True,t3_jwb75a,False,True,t1_gcp4sdc,/r/wallstreetbets/comments/jwb75a/dont_touch_baba_tomorrow/gcp55up/,1605740258,3,True,False,wallstreetbets,t5_2th52,,0,[],[],text,t2_any1rzj,False,False,
15,[],,,ifblueiwas2,,,,,,[],,That moment you‚Äôre loaded on Baba https://youtu.be/fXLicO0CRvk,False,False,,,,1605683681,,False,{},gcp55zd,False,t3_jwb75a,False,True,t3_jwb75a,/r/wallstreetbets/comments/jwb75a/dont_touch_baba_tomorrow/gcp55zd/,1605740261,1,True,False,wallstreetbets,t5_2th52,,0,[],[],text,t2_63uenipg,False,False,
16,[],,,CIark,,,,pants on head retarded,dark,[],,"This is way more likely to be GSX lol they just tweeted about them


Do you really think BABAs been around for 30 years and nobody found anything til now?",False,False,,,,1605683689,,False,{},gcp569p,False,t3_jwb75a,False,False,t3_jwb75a,/r/wallstreetbets/comments/jwb75a/dont_touch_baba_tomorrow/gcp569p/,1605740266,14,True,False,wallstreetbets,t5_2th52,,0,[],"[{'e': 'text', 't': 'pants on head retarded'}]",richtext,t2_o4hx2,False,False,
17,[],,,Narrow-Cup-3500,,,,,,[],,"I hope so 

I think something serious being dug up can fuck a lot of Chinese stocks though",False,False,,,,1605683744,,False,{},gcp58jj,True,t3_jwb75a,False,False,t1_gcp569p,/r/wallstreetbets/comments/jwb75a/dont_touch_baba_tomorrow/gcp58jj/,1605740303,5,True,False,wallstreetbets,t5_2th52,,0,[],[],text,t2_any1rzj,False,False,
18,[],,,BojangleChicken,,,,,,[],,:D!,False,False,,,,1605683749,,False,{},gcp58q6,False,t3_jwb75a,False,True,t1_gcp55up,/r/wallstreetbets/comments/jwb75a/dont_touch_baba_tomorrow/gcp58q6/,1605740307,2,True,False,wallstreetbets,t5_2th52,,0,[],[],text,t2_6nmrxav4,False,False,
19,[],,,LavenderAutist,#ff4500,,57c0331a-0d2e-11ea-86f4-0ef7601af6ab,brand soap,light,[],,"The sky is falling theme is so WSB

That said I've been against China stocks for a while

Even got a ton of downvotes for dissing Nio

Alibaba already got their @$$ handed to them by the CCP

Others will get reamed as well

But the biggest risks in China are that everyone thinks that their economy is stronger than it really is (look at all of these defaults and debt issues) and the Biden administration will be looking for their pound of flesh for all of the damage the CCP / Putin have caused while agent orange was in charge.

Puts on them all. But not really because I don't want to mess with retard strength. Just stay away. There are other plays where you can make tendies.",False,False,,,,1605683752,,1605684293.0,{},gcp58us,False,t3_jwb75a,False,False,t3_jwb75a,/r/wallstreetbets/comments/jwb75a/dont_touch_baba_tomorrow/gcp58us/,1605740310,4,True,False,wallstreetbets,t5_2th52,,0,[],"[{'e': 'text', 't': 'brand soap'}]",richtext,t2_64lo6bvm,False,False,
20,[],,,mmanofsteel86,,,,,,[],,I think it‚Äôs GSX.,False,False,,,,1605683839,,False,{},gcp5c9h,False,t3_jwb75a,False,False,t3_jwb75a,/r/wallstreetbets/comments/jwb75a/dont_touch_baba_tomorrow/gcp5c9h/,1605740368,2,True,False,wallstreetbets,t5_2th52,,0,[],[],text,t2_5yksq7gz,False,False,
21,[],,,CIark,,,,pants on head retarded,dark,[],,They‚Äôve been calling fraud on GSX for months. One more report isn‚Äôt changing anyone‚Äôs mind. Could be an EV maker because a lot of them have piggybacked onto the bandwagon hype recently,False,False,,,,1605683857,,False,{},gcp5cza,False,t3_jwb75a,False,True,t1_gcp58jj,/r/wallstreetbets/comments/jwb75a/dont_touch_baba_tomorrow/gcp5cza/,1605740380,3,True,False,wallstreetbets,t5_2th52,,0,[],"[{'e': 'text', 't': 'pants on head retarded'}]",richtext,t2_o4hx2,False,False,
22,[],,,l0ckituP,,,,,,[],,"Hope it‚Äôs baba, I‚Äôm pouring every last cent into leaps if it drops tomorrow üòÇ",False,False,,,,1605683857,,False,{},gcp5czk,False,t3_jwb75a,False,True,t3_jwb75a,/r/wallstreetbets/comments/jwb75a/dont_touch_baba_tomorrow/gcp5czk/,1605740380,1,True,False,wallstreetbets,t5_2th52,,0,[],[],text,t2_570bu4ju,False,False,
23,[],,,LavenderAutist,#ff4500,,57c0331a-0d2e-11ea-86f4-0ef7601af6ab,brand soap,light,[],,"Because that's how they became the Amazon of China.

I am pretty certain that you haven't done as much research as Muddy, Chanos, or Bass on China frauds. Baba's financials are nowhere near as transparent or auditable as Amazon's.",False,False,,,,1605683858,,1605684365.0,{},gcp5d06,False,t3_jwb75a,False,True,t1_gcp4vby,/r/wallstreetbets/comments/jwb75a/dont_touch_baba_tomorrow/gcp5d06/,1605740380,1,True,False,wallstreetbets,t5_2th52,,0,[],"[{'e': 'text', 't': 'brand soap'}]",richtext,t2_64lo6bvm,False,False,
24,[],,,Narrow-Cup-3500,,,,,,[],,"I can no longer afford to average down, Godspeed brother",False,False,,,,1605683892,,False,{},gcp5ee0,True,t3_jwb75a,False,False,t1_gcp5czk,/r/wallstreetbets/comments/jwb75a/dont_touch_baba_tomorrow/gcp5ee0/,1605740402,2,True,False,wallstreetbets,t5_2th52,,0,[],[],text,t2_any1rzj,False,False,
25,[],,,Sendeplatz,,,,,,[],,"haha, OP ure a real retard. tomorrow u will post: dont buy AMZN because a NoName is shorting it :D",False,False,,,,1605683968,,False,{},gcp5hhw,False,t3_jwb75a,False,True,t3_jwb75a,/r/wallstreetbets/comments/jwb75a/dont_touch_baba_tomorrow/gcp5hhw/,1605740451,-2,True,False,wallstreetbets,t5_2th52,,0,[],[],text,t2_xgxz9,False,False,
26,[],,,Narrow-Cup-3500,,,,,,[],,"I don‚Äôt want it to be baba, a hit on baba would duck every single Chinese stock. Could be an EV with the crazy growth recently",False,False,,,,1605684001,,False,{},gcp5itu,True,t3_jwb75a,False,False,t1_gcp4xvk,/r/wallstreetbets/comments/jwb75a/dont_touch_baba_tomorrow/gcp5itu/,1605740475,8,True,False,wallstreetbets,t5_2th52,,0,[],[],text,t2_any1rzj,False,False,
27,[],,,RenaissanceZman,,,,,,[],,"Being a extremely mature company with a recent big sell off, shorting BABA won‚Äôt be a good call for them. I‚Äôm betting on the EV trio. Imagine what a 2nd hit piece can do to Nio with a relative high rsi. They can easily book massive profit in one trading day and leave",False,False,,,,1605684040,,False,{},gcp5kc0,False,t3_jwb75a,False,False,t3_jwb75a,/r/wallstreetbets/comments/jwb75a/dont_touch_baba_tomorrow/gcp5kc0/,1605740498,11,True,False,wallstreetbets,t5_2th52,,0,[],[],text,t2_7p17k9qz,False,False,
28,[],,,l0ckituP,,,,,,[],,Sorry fam. Hope you got a few months on those atleast üò∂,False,False,,,,1605684048,,False,{},gcp5knk,False,t3_jwb75a,False,True,t1_gcp5ee0,/r/wallstreetbets/comments/jwb75a/dont_touch_baba_tomorrow/gcp5knk/,1605740503,1,True,False,wallstreetbets,t5_2th52,,0,[],[],text,t2_570bu4ju,False,False,
29,[],,,Narrow-Cup-3500,,,,,,[],,Way easier target too,False,False,,,,1605684086,,False,{},gcp5m3r,True,t3_jwb75a,False,True,t1_gcp5kc0,/r/wallstreetbets/comments/jwb75a/dont_touch_baba_tomorrow/gcp5m3r/,1605740527,2,True,False,wallstreetbets,t5_2th52,,0,[],[],text,t2_any1rzj,False,False,
30,[],,,Yumewomiteru,,,,,,[],,They never said that it was BABA.,False,False,,,,1605684099,,False,{},gcp5mn1,False,t3_jwb75a,False,False,t1_gcp5d06,/r/wallstreetbets/comments/jwb75a/dont_touch_baba_tomorrow/gcp5mn1/,1605740536,8,True,False,wallstreetbets,t5_2th52,,0,[],[],text,t2_54699,False,False,
31,[],,,Narrow-Cup-3500,,,,,,[],,"Amazon can be audited and is regulated by a transparent governing body 

Ali baba isn‚Äôt",False,False,,,,1605684144,,False,{},gcp5ogn,True,t3_jwb75a,False,True,t1_gcp5hhw,/r/wallstreetbets/comments/jwb75a/dont_touch_baba_tomorrow/gcp5ogn/,1605740566,3,True,False,wallstreetbets,t5_2th52,,0,[],[],text,t2_any1rzj,False,False,
32,[],,,Heistotron2000,,,,,,[],,"Muddy Waters snatching my 11/20 NIO 40P out from the jaws of theta defeat, I can feel my pee pee tingling rn",False,False,,,,1605684183,,False,{},gcp5q1j,False,t3_jwb75a,False,False,t3_jwb75a,/r/wallstreetbets/comments/jwb75a/dont_touch_baba_tomorrow/gcp5q1j/,1605740593,1,True,False,wallstreetbets,t5_2th52,,0,[],[],text,t2_6fo8cf7n,False,False,
33,[],,,Narrow-Cup-3500,,,,,,[],,I agree. Risk outweighs reward for tomorrow,False,False,,,,1605684188,,False,{},gcp5q8p,True,t3_jwb75a,False,True,t1_gcp58us,/r/wallstreetbets/comments/jwb75a/dont_touch_baba_tomorrow/gcp5q8p/,1605740596,1,True,False,wallstreetbets,t5_2th52,,0,[],[],text,t2_any1rzj,False,False,
34,[],,,Narrow-Cup-3500,,,,,,[],,I hope so,False,False,,,,1605684220,,False,{},gcp5rh1,True,t3_jwb75a,False,True,t1_gcp5c9h,/r/wallstreetbets/comments/jwb75a/dont_touch_baba_tomorrow/gcp5rh1/,1605740617,1,True,False,wallstreetbets,t5_2th52,,0,[],[],text,t2_any1rzj,False,False,
35,[],,,LavenderAutist,#ff4500,,57c0331a-0d2e-11ea-86f4-0ef7601af6ab,brand soap,light,[],,"You were defending BABA. I was giving a counterpoint.

I don't give a $#@&amp; which China company it is...or even if they announce one tomorrow.

I would bet dollars to donuts that companies like BABA, Tencent, and NIO are fraudulent. It's just a question of magnitude.",False,False,,,,1605684230,,False,{},gcp5rwp,False,t3_jwb75a,False,True,t1_gcp5mn1,/r/wallstreetbets/comments/jwb75a/dont_touch_baba_tomorrow/gcp5rwp/,1605740624,1,True,False,wallstreetbets,t5_2th52,,0,[],"[{'e': 'text', 't': 'brand soap'}]",richtext,t2_64lo6bvm,False,False,
36,[],,,Narrow-Cup-3500,,,,,,[],,The boys would be in shambles,False,False,,,,1605684240,,False,{},gcp5sbh,True,t3_jwb75a,False,False,t1_gcp4tz7,/r/wallstreetbets/comments/jwb75a/dont_touch_baba_tomorrow/gcp5sbh/,1605740631,10,True,False,wallstreetbets,t5_2th52,,0,[],[],text,t2_any1rzj,False,False,
37,[],,,kroniknoodle,,,,,,[],,Any ideas on how this affects XPEV?,False,False,,,,1605684357,,False,{},gcp5wx1,False,t3_jwb75a,False,False,t3_jwb75a,/r/wallstreetbets/comments/jwb75a/dont_touch_baba_tomorrow/gcp5wx1/,1605740705,1,True,False,wallstreetbets,t5_2th52,,0,[],[],text,t2_4uujnrir,False,False,
38,[],,,Sendeplatz,,,,,,[],,"Chinas reputation as a world power depends on it. A lot of gov. pension fonds invested in BABA and Tencent. You really think gyna will fuck around with a fuck ton of nation for a little bit of profit? If ure right with baba, noone will buy any gyna stock in the future. so no, not happening",False,False,,,,1605684360,,False,{},gcp5x1a,False,t3_jwb75a,False,True,t1_gcp5ogn,/r/wallstreetbets/comments/jwb75a/dont_touch_baba_tomorrow/gcp5x1a/,1605740707,0,True,False,wallstreetbets,t5_2th52,,0,[],[],text,t2_xgxz9,False,False,
39,[],,,RenaissanceZman,,,,,,[],,"Problem is those short sellers aren‚Äôt Saints they are in for the profit. Which one would you load puts or short position on? Nio or BABA, it‚Äôs a no brainer. If I were them I would literally nick pick any thing to short Nio, let along the growth this year is almost unreal",False,False,,,,1605684406,,False,{},gcp5yxy,False,t3_jwb75a,False,True,t1_gcp5d06,/r/wallstreetbets/comments/jwb75a/dont_touch_baba_tomorrow/gcp5yxy/,1605740738,1,True,False,wallstreetbets,t5_2th52,,0,[],[],text,t2_7p17k9qz,False,False,
40,[],,,boylek22,,,,,,[],,I borrowed money from my wife‚Äôs boyfriend to buy NIO calls. He said he will break my kneecaps if I don‚Äôt pay him back next week.,False,False,,,,1605684416,,False,{},gcp5zc1,False,t3_jwb75a,False,True,t1_gcp4z41,/r/wallstreetbets/comments/jwb75a/dont_touch_baba_tomorrow/gcp5zc1/,1605740745,2,True,False,wallstreetbets,t5_2th52,,0,[],[],text,t2_2isvrc4p,False,False,
41,[],,,Narrow-Cup-3500,,,,,,[],,"Xi personally put the final ‚Äúfuck you‚Äù on the ant group ipo. And no, China would not benefit from this either.",False,False,,,,1605684456,,False,{},gcp60w2,True,t3_jwb75a,False,True,t1_gcp5x1a,/r/wallstreetbets/comments/jwb75a/dont_touch_baba_tomorrow/gcp60w2/,1605740770,2,True,False,wallstreetbets,t5_2th52,,0,[],[],text,t2_any1rzj,False,False,
42,[],,,Narrow-Cup-3500,,,,,,[],,"Muddy waters is not a ‚Äúno name‚Äù, look them up and see what they‚Äôve done",False,False,,,,1605684530,,False,{},gcp63ok,True,t3_jwb75a,False,True,t1_gcp5hhw,/r/wallstreetbets/comments/jwb75a/dont_touch_baba_tomorrow/gcp63ok/,1605740815,2,True,False,wallstreetbets,t5_2th52,,0,[],[],text,t2_any1rzj,False,False,
43,[],,,RenaissanceZman,,,,,,[],,"What do mean too much support from the world, the support is only on pushing a carbon neutral future, no one Chinese EV company.",False,False,,,,1605684582,,False,{},gcp65ly,False,t3_jwb75a,False,True,t1_gcp53g7,/r/wallstreetbets/comments/jwb75a/dont_touch_baba_tomorrow/gcp65ly/,1605740847,1,True,False,wallstreetbets,t5_2th52,,0,[],[],text,t2_7p17k9qz,False,False,
44,[],,,LavenderAutist,#ff4500,,57c0331a-0d2e-11ea-86f4-0ef7601af6ab,brand soap,light,[],,"It's not a problem. 

I cannot believe retards like you don't understand that short sellers are a net benefit to the markets.

They are the reason why the average person can get out of Enron and Luckin before the whole thing crashes.

It is a mechanism of a more 'efficent' market.",False,False,,,,1605684625,,False,{},gcp6791,False,t3_jwb75a,False,True,t1_gcp5yxy,/r/wallstreetbets/comments/jwb75a/dont_touch_baba_tomorrow/gcp6791/,1605740872,2,True,False,wallstreetbets,t5_2th52,,0,[],"[{'e': 'text', 't': 'brand soap'}]",richtext,t2_64lo6bvm,False,False,
45,[],,,aryan335,,,,,,[],,Idk could be literally any company even random ones that none talks about,False,False,,,,1605684730,,False,{},gcp6bau,False,t3_jwb75a,False,False,t1_gcp5itu,/r/wallstreetbets/comments/jwb75a/dont_touch_baba_tomorrow/gcp6bau/,1605740940,7,True,False,wallstreetbets,t5_2th52,,0,[],[],text,t2_m8tiihz,False,False,
46,[],,,PatricksEnigma,,,,,,[],,"MuddyWaters called out $GSX and referenced a report dropping before their Friday numbers literally ten hours before they were tagged in the tweet you linked... and your ‚Äúresearch‚Äù led you to BABA..?

https://twitter.com/muddywatersre/status/1328382703956201473?s=20",False,False,,,,1605684755,,1605685229.0,{},gcp6cbb,False,t3_jwb75a,False,True,t3_jwb75a,/r/wallstreetbets/comments/jwb75a/dont_touch_baba_tomorrow/gcp6cbb/,1605740956,1,True,False,wallstreetbets,t5_2th52,,0,[],[],text,t2_4158wp5t,False,False,
47,[],,,Narrow-Cup-3500,,,,,,[],,Most likely is. All I‚Äôm here to say is that the risk is there,False,False,,,,1605684777,,False,{},gcp6d6c,True,t3_jwb75a,False,True,t1_gcp6bau,/r/wallstreetbets/comments/jwb75a/dont_touch_baba_tomorrow/gcp6d6c/,1605740972,3,True,False,wallstreetbets,t5_2th52,,0,[],[],text,t2_any1rzj,False,False,
48,[],,,RenaissanceZman,,,,,,[],,"Yea, that citron report is like an elementary school project, you can basically bullshit some random ‚Äúdiscoveries‚Äù and it will tank big time. Also my friend was shopping for EV in Chinese recently and I told me the highway range on Nio is inflated. Idk man, baba just don‚Äôt make sense, but I‚Äôm long on Baba and short on Xpev&amp;Nio, so my opinion is really biased. At least I‚Äôm chinese though lol",False,False,,,,1605684828,,False,{},gcp6f41,False,t3_jwb75a,False,False,t1_gcp5m3r,/r/wallstreetbets/comments/jwb75a/dont_touch_baba_tomorrow/gcp6f41/,1605741002,7,True,False,wallstreetbets,t5_2th52,,0,[],[],text,t2_7p17k9qz,False,False,
49,[],,,RenaissanceZman,,,,,,[],,"If one of the EV gets hit, the other two will tank two, look at their price action",False,False,,,,1605684883,,False,{},gcp6h77,False,t3_jwb75a,False,True,t1_gcp5wx1,/r/wallstreetbets/comments/jwb75a/dont_touch_baba_tomorrow/gcp6h77/,1605741037,3,True,False,wallstreetbets,t5_2th52,,0,[],[],text,t2_7p17k9qz,False,False,
50,[],,,Narrow-Cup-3500,,,,,,[],,This,False,False,,,,1605684936,,False,{},gcp6j8n,True,t3_jwb75a,False,True,t1_gcp6791,/r/wallstreetbets/comments/jwb75a/dont_touch_baba_tomorrow/gcp6j8n/,1605741071,0,True,False,wallstreetbets,t5_2th52,,0,[],[],text,t2_any1rzj,False,False,
51,[],,,Narrow-Cup-3500,,,,,,[],,"I think it‚Äôs more likely to be an EV, but at the same time,ARK selling at the bottom is concerning as fuck",False,False,,,,1605685061,,False,{},gcp6nzi,True,t3_jwb75a,False,True,t1_gcp6f41,/r/wallstreetbets/comments/jwb75a/dont_touch_baba_tomorrow/gcp6nzi/,1605741148,1,True,False,wallstreetbets,t5_2th52,,0,[],[],text,t2_any1rzj,False,False,
52,[],,,RenaissanceZman,,,,,,[],,"Of course they brings balance to the stonk, as a Chinese whom knows how shady shit is back home I‚Äôm 100% on board with those guys. Heck, I need to thank Hindenburg for my 50% return shorting NKLA. But have to noticed every hit piece they published are aimed on companies in a parabolic trajectory. They are in to maximize profit and Baba isn‚Äôt a good target.",False,False,,,,1605685237,,False,{},gcp6uss,False,t3_jwb75a,False,False,t1_gcp6791,/r/wallstreetbets/comments/jwb75a/dont_touch_baba_tomorrow/gcp6uss/,1605741262,1,True,False,wallstreetbets,t5_2th52,,0,[],[],text,t2_7p17k9qz,False,False,
53,[],,,LavenderAutist,#ff4500,,57c0331a-0d2e-11ea-86f4-0ef7601af6ab,brand soap,light,[],,Cool.,False,False,,,,1605685299,,False,{},gcp6x40,False,t3_jwb75a,False,True,t1_gcp6uss,/r/wallstreetbets/comments/jwb75a/dont_touch_baba_tomorrow/gcp6x40/,1605741300,1,True,False,wallstreetbets,t5_2th52,,0,[],"[{'e': 'text', 't': 'brand soap'}]",richtext,t2_64lo6bvm,False,False,
54,[],,,Forarolex,,,,,,[],,Rip to the boys,False,False,,,,1605685318,,False,{},gcp6xut,False,t3_jwb75a,False,True,t1_gcp5sbh,/r/wallstreetbets/comments/jwb75a/dont_touch_baba_tomorrow/gcp6xut/,1605741312,3,True,False,wallstreetbets,t5_2th52,,0,[],[],text,t2_5tmhzlhf,False,False,
55,[],,,Narrow-Cup-3500,,,,,,[],,"Based on the hype they‚Äôre making, I think something else that they haven‚Äôt mentioned",False,False,,,,1605685468,,False,{},gcp73mx,True,t3_jwb75a,False,True,t1_gcp6cbb,/r/wallstreetbets/comments/jwb75a/dont_touch_baba_tomorrow/gcp73mx/,1605741402,0,True,False,wallstreetbets,t5_2th52,,0,[],[],text,t2_any1rzj,False,False,
56,[],,,RenaissanceZman,,,,,,[],,"Hopefully Mama Cathy is wrong this time :), cant be winning forever",False,False,,,,1605685604,,1605686155.0,{},gcp78wd,False,t3_jwb75a,False,True,t1_gcp6nzi,/r/wallstreetbets/comments/jwb75a/dont_touch_baba_tomorrow/gcp78wd/,1605741485,1,True,False,wallstreetbets,t5_2th52,,0,[],[],text,t2_7p17k9qz,False,False,
57,[],,,RhythmComposer,,,,,,[],,They've been going after GSX since it was in the low 30s in March. And (tinfoil hat on) China responded by pumping that shit into the stratosphere.,False,False,,,,1605686191,,False,{},gcp7uzc,False,t3_jwb75a,False,False,t1_gcp569p,/r/wallstreetbets/comments/jwb75a/dont_touch_baba_tomorrow/gcp7uzc/,1605741841,5,True,False,wallstreetbets,t5_2th52,,0,[],[],text,t2_cr8cl,False,False,
58,[],,,RenaissanceZman,,,,,,[],,"plz no, just bought the baba ""bottom"" today, if it is any of the ev trio I will finally get tendies, was down 30% on my short positions",False,False,,,,1605686285,,False,{},gcp7yjf,False,t3_jwb75a,False,True,t1_gcp5czk,/r/wallstreetbets/comments/jwb75a/dont_touch_baba_tomorrow/gcp7yjf/,1605741898,1,True,False,wallstreetbets,t5_2th52,,0,[],[],text,t2_7p17k9qz,False,False,
59,[],,,Jackie296,,,,,,[],,"Explosive new report showing that $GSX is continuing their illegal ‚Äòbrushing‚Äô operation while under *SEC Enforcement Investigation.

https://twitter.com/muddywatersre/status/1328382703956201473?s=20",False,False,,,,1605686738,,False,{},gcp8fle,False,t3_jwb75a,False,True,t3_jwb75a,/r/wallstreetbets/comments/jwb75a/dont_touch_baba_tomorrow/gcp8fle/,1605742172,1,True,False,wallstreetbets,t5_2th52,,0,[],[],text,t2_g4536,False,False,
60,[],,,LimpingWhale,,,,,,[],,"So NIO Calls, got it",False,False,,,,1605686927,,False,{},gcp8mfz,False,t3_jwb75a,False,True,t3_jwb75a,/r/wallstreetbets/comments/jwb75a/dont_touch_baba_tomorrow/gcp8mfz/,1605742283,1,True,False,wallstreetbets,t5_2th52,,0,[],[],text,t2_4d1fgyoz,False,False,
61,[],,,[deleted],,,,,dark,[],,[deleted],False,True,,,,1605687236,,False,{},gcp8xh2,False,t3_jwb75a,False,True,t1_gcp6f41,/r/wallstreetbets/comments/jwb75a/dont_touch_baba_tomorrow/gcp8xh2/,1605742458,1,True,False,wallstreetbets,t5_2th52,,0,[],,,,,,
62,[],,,acridboomstick,,,,,,[],,Guys I'm right here I can hear you.,False,False,,,,1605687396,,False,{},gcp939q,False,t3_jwb75a,False,False,t1_gcp6xut,/r/wallstreetbets/comments/jwb75a/dont_touch_baba_tomorrow/gcp939q/,1605742561,5,True,False,wallstreetbets,t5_2th52,,0,[],[],text,t2_8tpx9,False,False,
63,[],,,Ballparkbuds,,,,,,[],,"I have blown up my account on BABA. My last $500 is in 11/27 $270c 

At this point I'm like...might as well hold them. Idk I could cash out and just take the money. They've just bled hard every day there has to be some green coming soon 

Fuuuuuck dude if anyone reading this hasn't blown up their account take it from me do not yolo it seems exiting at first but losing everything sucks ass.",False,False,,,,1605689310,,False,{},gcpaxo9,False,t3_jwb75a,False,False,t3_jwb75a,/r/wallstreetbets/comments/jwb75a/dont_touch_baba_tomorrow/gcpaxo9/,1605743620,4,True,False,wallstreetbets,t5_2th52,,0,[],[],text,t2_51zytmdv,False,False,
64,[],,,VapesOnAPlane,,,,,,[],,"Not saying this is correlated but this is fucking crazy. I just received a whatsapp message from my sister in law **yesterday** because she overheard me talking to my brother about buying BABA calls. This is what I got:

""If you have ever done an ALI EXPRESS order, check your account now to make sure there isn't any fraud happening

We just checked our bank account which I used over a yr ago to do an ALI express order and it showed the account was charged over 20 times to ali express. There were many little payments but on total they took over $500!!! We called our bank and the rep told us that from the start of november they have gotten this kind of call specifically about ali express over and over.

The best way to go about this is calling ur bank ASAP but also checking your ali express account and see the address these orders are going to. Then your bank will make a formal investigation and you can press charges against that person.""",False,False,,,,1605689970,,False,{},gcpbk7k,False,t3_jwb75a,False,True,t3_jwb75a,/r/wallstreetbets/comments/jwb75a/dont_touch_baba_tomorrow/gcpbk7k/,1605743978,1,True,False,wallstreetbets,t5_2th52,,0,[],[],text,t2_s5wts,False,False,True
65,[],,,VapesOnAPlane,,,,,,[],,Dude honestly? I never would have imagined BABA though. Come on. Who would think BABA of all companies? This is crazy because I just received a message last night from my sister in law about a scam going around on AliExpress (I posted the message a few minutes ago as a comment here). Don't know if it's correlated but if it is? That would be shocking!,False,False,,,,1605690716,,False,{},gcpc9gt,False,t3_jwb75a,False,True,t1_gcp5rwp,/r/wallstreetbets/comments/jwb75a/dont_touch_baba_tomorrow/gcpc9gt/,1605744396,1,True,False,wallstreetbets,t5_2th52,,0,[],[],text,t2_s5wts,False,False,True
66,[],,,LavenderAutist,#ff4500,,57c0331a-0d2e-11ea-86f4-0ef7601af6ab,brand soap,light,[],,"Enron and Madoff were shocking as well.

But not surprising for those who were paying attention.

I'd been telling friends for a while that Luckin was a scam. The numbers just didn't add up. I'm sure at some point one of the China elephants will fall from grace.",False,False,,,,1605691382,,False,{},gcpcvo5,False,t3_jwb75a,False,True,t1_gcpc9gt,/r/wallstreetbets/comments/jwb75a/dont_touch_baba_tomorrow/gcpcvo5/,1605744770,0,True,False,wallstreetbets,t5_2th52,,0,[],"[{'e': 'text', 't': 'brand soap'}]",richtext,t2_64lo6bvm,False,False,
67,[],,,VapesOnAPlane,,,,,,[],,"I'm sure you're right but BABA? Aren't they audited by PwC or something? The fall of Enron literally collapased one of the Big Four accounting firms. If the same happens here with BABA, that would essentially mean the end of PwC, which if fucking crazy. I get that it's the HK branch of PwC but still. That alone would fuck the financial world.",False,False,,,,1605692199,,False,{},gcpdm24,False,t3_jwb75a,False,True,t1_gcpcvo5,/r/wallstreetbets/comments/jwb75a/dont_touch_baba_tomorrow/gcpdm24/,1605745205,2,True,False,wallstreetbets,t5_2th52,,0,[],[],text,t2_s5wts,False,False,True
68,[],,,LavenderAutist,#ff4500,,57c0331a-0d2e-11ea-86f4-0ef7601af6ab,brand soap,light,[],,"PWC China isn't the same as PWC US. (And it wouldn't end PWC. Different subsidiaries in different countries with different rules.)

More Redditors should do actual research underlying these stocks. This PWC thing is misunderstood way more than it should be.

If you really want a heart attack, read this:

Fortune: The U.S. is pushing ahead with its threat to delist Chinese companies.
https://fortune.com/2020/11/17/trump-administration-delist-chinese-companies-sec/

Slow train coming.",False,False,,,,1605693113,,False,{},gcpefdq,False,t3_jwb75a,False,True,t1_gcpdm24,/r/wallstreetbets/comments/jwb75a/dont_touch_baba_tomorrow/gcpefdq/,1605745685,1,True,False,wallstreetbets,t5_2th52,,0,[],"[{'e': 'text', 't': 'brand soap'}]",richtext,t2_64lo6bvm,False,False,
69,[],,,LavenderAutist,#ff4500,,57c0331a-0d2e-11ea-86f4-0ef7601af6ab,brand soap,light,[],,"Oh. And this is the [founder](https://youtu.be/aHGd6LqAVzw) of Alibaba. 

Makes you wonder how he was able to build something so large in China.",False,False,,,,1605693190,,False,{},gcpehva,False,t3_jwb75a,False,True,t1_gcpdm24,/r/wallstreetbets/comments/jwb75a/dont_touch_baba_tomorrow/gcpehva/,1605745725,0,True,False,wallstreetbets,t5_2th52,,0,[],"[{'e': 'text', 't': 'brand soap'}]",richtext,t2_64lo6bvm,False,False,
70,[],,,NG_Squared,,,,,,[],,"The German Wirecard case in which KPMG did the auditing sort of proves that you can 100% rely on a BIG4 audit. Nevertheless, I believe is simply too big to be a fraud. Other, smaller Chinese companies, however, could certainly be suspect to fraudulent activities",False,False,,,,1605693633,,False,{},gcpew7a,False,t3_jwb75a,False,True,t1_gcpdm24,/r/wallstreetbets/comments/jwb75a/dont_touch_baba_tomorrow/gcpew7a/,1605745958,1,True,False,wallstreetbets,t5_2th52,,0,[],[],text,t2_fzjec9h,False,False,
71,[],,,VapesOnAPlane,,,,,,[],,"Like I said, I understand it's the HK branch but it's still under PwC corporate. It's not misunderstood. PwC offices and affiliates need to adhere to recognized accounting principles. Yes, they are not PwC US/Corporate but they are **vetted by U.S. regulators**. Not saying that the can't commit fraud (look at China Medical Technologies and their use of PwC Zhong Tian as an example). But man...BABA?

RE your link: I heard about those rumors on Sunday. Crazy if it happens. I sold off all my BABA shares because of that.",False,False,,,,1605694243,,False,{},gcpffsf,False,t3_jwb75a,False,True,t1_gcpefdq,/r/wallstreetbets/comments/jwb75a/dont_touch_baba_tomorrow/gcpffsf/,1605746274,1,True,False,wallstreetbets,t5_2th52,,0,[],[],text,t2_s5wts,False,False,True
72,[],,,weedebest,,,,,,[],,Ok retard. Buying calls,False,False,,,,1605694468,,False,{},gcpfn7z,False,t3_jwb75a,False,True,t3_jwb75a,/r/wallstreetbets/comments/jwb75a/dont_touch_baba_tomorrow/gcpfn7z/,1605746398,3,True,False,wallstreetbets,t5_2th52,,0,[],[],text,t2_39s99ljp,False,False,
73,[],,,LavenderAutist,#ff4500,,57c0331a-0d2e-11ea-86f4-0ef7601af6ab,brand soap,light,[],,"PWC China answers to the CCP and does what they say.

Don't get it twisted.",False,False,,,,1605695677,,False,{},gcpgqw6,False,t3_jwb75a,False,True,t1_gcpffsf,/r/wallstreetbets/comments/jwb75a/dont_touch_baba_tomorrow/gcpgqw6/,1605747043,1,True,False,wallstreetbets,t5_2th52,,0,[],"[{'e': 'text', 't': 'brand soap'}]",richtext,t2_64lo6bvm,False,False,
74,[],,,Deadhookersandblow,,,,,,[],,Saving face aka lying about anything if it makes you or your boss look good is business as usual in China.,False,False,,,,1605696093,,False,{},gcph4o2,False,t3_jwb75a,False,False,t1_gcp4vby,/r/wallstreetbets/comments/jwb75a/dont_touch_baba_tomorrow/gcph4o2/,1605747262,1,True,False,wallstreetbets,t5_2th52,,0,[],[],text,t2_6if64,False,False,
75,[],,,Oberschicht,,,,,,[],,"EY did the auditing, mate.

KPMG did a special report and were hired by Wirecard to put everything in the right light again.",False,False,,,,1605701660,,False,{},gcpmryr,False,t3_jwb75a,False,True,t1_gcpew7a,/r/wallstreetbets/comments/jwb75a/dont_touch_baba_tomorrow/gcpmryr/,1605750455,1,True,False,wallstreetbets,t5_2th52,,0,[],[],text,t2_5xvcekw8,False,False,
76,[],,,Enobosarm,,,,,,[],,"Forget about BABA, the whole fucking country is a bubble.",False,False,,,,1605704371,,False,{},gcpq4nd,False,t3_jwb75a,False,True,t3_jwb75a,/r/wallstreetbets/comments/jwb75a/dont_touch_baba_tomorrow/gcpq4nd/,1605752362,1,True,False,wallstreetbets,t5_2th52,,0,[],[],text,t2_43bqhjxw,False,False,
77,[],,,user12345678654,,,,,,[],,Go back to your room,False,False,,,,1605706662,,False,{},gcpte92,False,t3_jwb75a,False,True,t1_gcp939q,/r/wallstreetbets/comments/jwb75a/dont_touch_baba_tomorrow/gcpte92/,1605754202,2,True,False,wallstreetbets,t5_2th52,,0,[],[],text,t2_42q48uoe,False,False,
78,[],,,Jack-Skinne,,,,,,[],,Get used to a wheelchair,False,False,,,,1605708006,,False,{},gcpvin4,False,t3_jwb75a,False,True,t1_gcp5zc1,/r/wallstreetbets/comments/jwb75a/dont_touch_baba_tomorrow/gcpvin4/,1605755397,1,True,False,wallstreetbets,t5_2th52,,0,[],[],text,t2_6py5m2yc,False,False,
79,[],,,MightyMageXerath,#ffffff,,acf21f8a-b20b-11e8-8717-0ee9cf2d415a,Paper Trading Champ '15,dark,[],,All my boyz are in shambles,False,False,,,,1605708562,,False,{},gcpwfl9,False,t3_jwb75a,False,True,t1_gcp5sbh,/r/wallstreetbets/comments/jwb75a/dont_touch_baba_tomorrow/gcpwfl9/,1605755912,1,True,False,wallstreetbets,t5_2th52,,0,[],"[{'e': 'text', 't': ""Paper Trading Champ '15""}]",richtext,t2_3nkeddip,False,False,
80,[],,,Narrow-Cup-3500,,,,,,[],,Rip the boys man,False,False,,,,1605714077,,False,{},gcq6qj3,True,t3_jwb75a,False,True,t1_gcpwfl9,/r/wallstreetbets/comments/jwb75a/dont_touch_baba_tomorrow/gcq6qj3/,1605761644,2,True,False,wallstreetbets,t5_2th52,,0,[],[],text,t2_any1rzj,False,False,
81,[],,,StonkerGraduation,,,,,,[],,"I am so fuked if its BABA, I have 50 shares and feb call 305",False,False,,,,1605716660,,False,{},gcqc1mu,False,t3_jwb75a,False,True,t3_jwb75a,/r/wallstreetbets/comments/jwb75a/dont_touch_baba_tomorrow/gcqc1mu/,1605764505,1,True,False,wallstreetbets,t5_2th52,,0,[],[],text,t2_8f8th7f7,False,False,
82,[],,,Goodbye-Jameson,,,,,,[],,I bet they attack Li. It just has ridden coat tails and doesn‚Äôt have the conviction behind the hype. Tank Li and impact Xpeng and Nio,False,False,,,,1605718752,,False,{},gcqghiy,False,t3_jwb75a,False,True,t1_gcp6h77,/r/wallstreetbets/comments/jwb75a/dont_touch_baba_tomorrow/gcqghiy/,1605766874,1,True,False,wallstreetbets,t5_2th52,,0,[],[],text,t2_3e7or66k,False,False,
83,[],,,ewemalts,,,,,,[],,When do you think the report will drop?,False,False,,,,1605723871,,False,{},gcqre25,False,t3_jwb75a,False,True,t1_gcp4nrp,/r/wallstreetbets/comments/jwb75a/dont_touch_baba_tomorrow/gcqre25/,1605772545,1,True,False,wallstreetbets,t5_2th52,,0,[],[],text,t2_civ3e,False,True,
84,[],,,Narrow-Cup-3500,,,,,,[],,2pm EST,False,False,,,,1605724088,,False,{},gcqrux9,True,t3_jwb75a,False,True,t1_gcqre25,/r/wallstreetbets/comments/jwb75a/dont_touch_baba_tomorrow/gcqrux9/,1605772779,1,True,False,wallstreetbets,t5_2th52,,0,[],[],text,t2_any1rzj,False,False,
85,[],,,Narrow-Cup-3500,,,,,,[],,"There are tons of good moves out there, I get the mentality of letting it ride but you can bounce back with other plays",False,False,,,,1605724175,,False,{},gcqs1ma,True,t3_jwb75a,False,True,t1_gcpaxo9,/r/wallstreetbets/comments/jwb75a/dont_touch_baba_tomorrow/gcqs1ma/,1605772874,1,True,False,wallstreetbets,t5_2th52,,0,[],[],text,t2_any1rzj,False,False,
86,[],,,CIark,,,,pants on head retarded,dark,[],,It‚Äôs JOYY lol never even heard of it,False,False,,,,1605726014,,False,{},gcqvza0,False,t3_jwb75a,False,True,t1_gcp58jj,/r/wallstreetbets/comments/jwb75a/dont_touch_baba_tomorrow/gcqvza0/,1605774832,1,True,False,wallstreetbets,t5_2th52,,0,[],"[{'e': 'text', 't': 'pants on head retarded'}]",richtext,t2_o4hx2,False,False,
87,[],,,Yumewomiteru,,,,,,[],,"It's JOYY, inb4 deleted because OP is looking like a fool.",False,False,,,,1605726124,,False,{},gcqw7rt,False,t3_jwb75a,False,True,t3_jwb75a,/r/wallstreetbets/comments/jwb75a/dont_touch_baba_tomorrow/gcqw7rt/,1605774948,1,True,False,wallstreetbets,t5_2th52,,0,[],[],text,t2_54699,False,False,
88,[],,,Narrow-Cup-3500,,,,,,[],,ü•± dumping baba calls at open was still the move,False,False,,,,1605726169,,False,{},gcqwb50,True,t3_jwb75a,False,True,t1_gcqw7rt,/r/wallstreetbets/comments/jwb75a/dont_touch_baba_tomorrow/gcqwb50/,1605774994,1,True,False,wallstreetbets,t5_2th52,,0,[],[],text,t2_any1rzj,False,False,
89,[],,,Yumewomiteru,,,,,,[],,Unless your calls expire this Friday IDK how you can say it's the move right now.,False,False,,,,1605726299,,False,{},gcqwl32,False,t3_jwb75a,False,True,t1_gcqwb50,/r/wallstreetbets/comments/jwb75a/dont_touch_baba_tomorrow/gcqwl32/,1605775128,1,True,False,wallstreetbets,t5_2th52,,0,[],[],text,t2_54699,False,False,
90,[],,,Narrow-Cup-3500,,,,,,[],,"Mine expire in December / January, weeklies have been fucked since yesterday",False,False,,,,1605726355,,False,{},gcqwpcc,True,t3_jwb75a,False,True,t1_gcqwl32,/r/wallstreetbets/comments/jwb75a/dont_touch_baba_tomorrow/gcqwpcc/,1605775187,1,True,False,wallstreetbets,t5_2th52,,0,[],[],text,t2_any1rzj,False,False,
91,[],,,Yumewomiteru,,,,,,[],,So you won't know if it's the right move until then.,False,False,,,,1605726448,,False,{},gcqwwfp,False,t3_jwb75a,False,True,t1_gcqwpcc,/r/wallstreetbets/comments/jwb75a/dont_touch_baba_tomorrow/gcqwwfp/,1605775288,1,True,False,wallstreetbets,t5_2th52,,0,[],[],text,t2_54699,False,False,
92,[],,,Narrow-Cup-3500,,,,,,[],,"Bro it‚Äôs literally 1 day on a 2 month long call, no difference made.... plus is dumped at open anyway",False,False,,,,1605726607,,False,{},gcqx8fk,True,t3_jwb75a,False,True,t1_gcqwwfp,/r/wallstreetbets/comments/jwb75a/dont_touch_baba_tomorrow/gcqx8fk/,1605775449,1,True,False,wallstreetbets,t5_2th52,,0,[],[],text,t2_any1rzj,False,False,
93,[],,,Yumewomiteru,,,,,,[],,"Okay, just saying that's your opinion not a fact, I bought the dip on BABA this morning and I'm thinking that's the right move.",False,False,,,,1605726994,,False,{},gcqy1ud,False,t3_jwb75a,False,True,t1_gcqx8fk,/r/wallstreetbets/comments/jwb75a/dont_touch_baba_tomorrow/gcqy1ud/,1605775854,1,True,False,wallstreetbets,t5_2th52,,0,[],[],text,t2_54699,False,False,
94,[],,,Narrow-Cup-3500,,,,,,[],,"That‚Äôs why I said sell at open, not 10 minutes after open when it already dipped. Again My point was that buying leaps tomorrow was extra risk. I hope your calls print, baba fucked me good but others will do well with it",False,False,,,,1605727112,,False,{},gcqyaqe,True,t3_jwb75a,False,True,t1_gcqy1ud,/r/wallstreetbets/comments/jwb75a/dont_touch_baba_tomorrow/gcqyaqe/,1605775976,1,True,False,wallstreetbets,t5_2th52,,0,[],[],text,t2_any1rzj,False,False,
95,[],,,[deleted],,,,,dark,[],,[deleted],False,True,,,,1605729349,,False,{},gcr316s,False,t3_jwb75a,False,False,t3_jwb75a,/r/wallstreetbets/comments/jwb75a/dont_touch_baba_tomorrow/gcr316s/,1605778326,1,True,False,wallstreetbets,t5_2th52,,0,[],,,,,,
96,[],,,Echri200,,,,,,[],,"Not sure why, but that last edit in the OP makes me actually laugh out loud.",False,False,,,,1605730279,,False,{},gcr4zi0,False,t3_jwb75a,False,True,t1_gcqw7rt,/r/wallstreetbets/comments/jwb75a/dont_touch_baba_tomorrow/gcr4zi0/,1605779281,1,True,False,wallstreetbets,t5_2th52,,0,[],[],text,t2_45e2fkjx,False,False,
97,[],,,Dat_Speed,,,,,,[],,"Ah a fear mongering BABA tweet, best time to buy.",False,False,,,,1605752868,,False,{},gcseie2,False,t3_jwb75a,False,True,t3_jwb75a,/r/wallstreetbets/comments/jwb75a/dont_touch_baba_tomorrow/gcseie2/,1605804697,1,True,False,wallstreetbets,t5_2th52,,0,[],[],text,t2_nwrv2,False,False,
98,[],,,Wrektdev,,,,,,[],,Called it... It was softbank. Can't stop my autism. Rain man dat shit!,False,False,,,,1605753349,,False,{},gcsfdua,False,t3_jwb75a,False,False,t1_gcp65ly,/r/wallstreetbets/comments/jwb75a/dont_touch_baba_tomorrow/gcsfdua/,1605805304,1,True,False,wallstreetbets,t5_2th52,,0,[],[],text,t2_kvb4h,False,False,
99,[],,,Pfc_Pyle,,,,,,[],,"Aw krap, u made me drop my toothpicks.  


THIS IS THE WAY!",False,False,,,,1605753554,,False,{},gcsfr6l,False,t3_jwb75a,False,True,t1_gcsfdua,/r/wallstreetbets/comments/jwb75a/dont_touch_baba_tomorrow/gcsfr6l/,1605805530,1,True,False,wallstreetbets,t5_2th52,,0,[],[],text,t2_hn6ge,False,False,
100,[],,,[deleted],,,,,dark,[],,[deleted],False,True,,,,1605772331,,False,{},gct6f83,False,t3_jwb75a,False,True,t1_gcp6d6c,/r/wallstreetbets/comments/jwb75a/dont_touch_baba_tomorrow/gct6f83/,1605823721,1,True,False,wallstreetbets,t5_2th52,,0,[],,,,,,
101,[],,,KrakenClubOfficial,,,,,,[],,Please be JD and PDD so BABA moons,False,False,,,,1605782468,,False,{},gctg5it,False,t3_jwb75a,False,True,t3_jwb75a,/r/wallstreetbets/comments/jwb75a/dont_touch_baba_tomorrow/gctg5it/,1605829330,1,True,False,wallstreetbets,t5_2th52,,0,[],[],text,t2_5xwarzvr,False,False,
102,[],,,rayjensen,,,,,,[],,Well this didn‚Äôt age too well,False,False,,,,1605822895,,False,{},gcvj1ie,False,t3_jwb75a,False,True,t3_jwb75a,/r/wallstreetbets/comments/jwb75a/dont_touch_baba_tomorrow/gcvj1ie/,1605868770,1,True,False,wallstreetbets,t5_2th52,,0,[],[],text,t2_1phigk07,False,False,
103,[],,,Narrow-Cup-3500,,,,,,[],,Peep AH,False,False,,,,1605824272,,False,{},gcvmgcp,True,t3_jwb75a,False,True,t1_gcvj1ie,/r/wallstreetbets/comments/jwb75a/dont_touch_baba_tomorrow/gcvmgcp/,1605870361,0,True,False,wallstreetbets,t5_2th52,,0,[],[],text,t2_any1rzj,False,False,
104,[],,,Narrow-Cup-3500,,,,,,[],,"And yes, did fomo today,  and no, I don‚Äôt feel good about it",False,False,,,,1605824301,,False,{},gcvmj1a,True,t3_jwb75a,False,True,t1_gcvj1ie,/r/wallstreetbets/comments/jwb75a/dont_touch_baba_tomorrow/gcvmj1a/,1605870394,1,True,False,wallstreetbets,t5_2th52,,0,[],[],text,t2_any1rzj,False,False,
105,[],,,rayjensen,,,,,,[],,"If it‚Äôs any consolidation I lost over $10k on BABA calls this month.  And I was watching all day for a chance to  buy back and make some of my money back. It looks like it could go either way. Volume was down a bit which is not necessarily a bad sign, we will have to keep an eye out in the morning to see if this is going to hold... still a long way from breaking any real pivot points but if the momentum carries through tomorrow i see it going 280-290 before the end of the month.",False,False,,,,1605825989,,False,{},gcvqlhw,False,t3_jwb75a,False,True,t1_gcvmj1a,/r/wallstreetbets/comments/jwb75a/dont_touch_baba_tomorrow/gcvqlhw/,1605872294,1,True,False,wallstreetbets,t5_2th52,,0,[],[],text,t2_1phigk07,False,False,
